What if Google Morphed Into GoogleOS ?	WP IN NNP VBD NNP NNP .
What if Google expanded on its search - engine ( and now e-mail ) wares into a full - fledged operating system ?	WP IN NNP VBD IN PRP$ NN HYPH NN -LRB- CC RB NN -RRB- VBZ IN DT JJ HYPH VBN NN NN .
[ via Microsoft Watch from Mary Jo Foley ]	-LRB- IN NNP NNP IN NNP NNP NNP -RRB-
( And , by the way , is anybody else just a little nostalgic for the days when that was a good thing ? )	-LRB- CC , IN DT NN , VBZ NN RB RB DT JJ JJ IN DT NNS WRB DT VBD DT JJ NN . -RRB-
This BuzzMachine post argues that Google 's rush toward ubiquity might backfire -- which we 've all heard before , but it 's particularly well - put in this post .	DT NNP NN VBZ IN NNP POS NN IN NN MD VB , WDT PRP VBP RB VBN RB , CC PRP VBZ RB RB HYPH VBN IN DT NN .
Google is a nice search engine .	NNP VBZ DT JJ NN NN .
Does anybody use it for anything else ?	VBZ NN VB PRP IN NN RB .
They own blogger , of course .	PRP VBP NN , IN NN .
Is that a money maker ?	VBZ DT DT NN NN .
I 'm staying away from the stock .	PRP VBP VBG RB IN DT NN .
I doubt the very few who actually read my blog have not come across this yet , but I figured I would put it out there anyways .	PRP VBP DT RB JJ WP RB VBD PRP$ NN VBP RB VBN IN DT RB , CC PRP VBD PRP MD VB PRP RP RB RB .
John Donovan from Argghhh! has put out a excellent slide show on what was actually found and fought for in Fallujah .	NNP NNP IN NNP VBZ VBN RP DT JJ NN NN IN WP VBD RB VBN CC VBN IN IN NNP .
Click here To view it .	VB RB TO VB PRP .
He makes some good observations on a few of the pic's .	PRP VBZ DT JJ NNS IN DT JJ IN DT NN .
One of the pictures shows a flag that was found in Fallujah .	CD IN DT NNS VBZ DT NN WDT VBD VBN IN NNP .
On the next two pictures he took screenshots of two beheading video's .	IN DT JJ CD NNS PRP VBD NNS IN CD VBG NN .
Compare the flags to the Fallujah one .	VB DT NN IN DT NNP CD .
You have to see these slides .... they are amazing .	PRP VBP TO VB DT NNS , PRP VBP JJ .
This Fallujah operation my turn out to be the most important operation done by the US Military since the end of the war .	DT NNP NN PRP$ NN RP TO VB DT RBS JJ NN VBN IN DT NNP NNP IN DT NN IN DT NN .
Let me join the chorus of annoyance over Google 's new toolbar , which , as noted in the linked article , commits just about every sin an online marketer could commit , and makes up a few new ones besides .	VB PRP VB DT NN IN NN IN NNP POS JJ NN , WDT , IN VBN IN DT VBN NN , VBZ RB RB DT NN DT JJ NN MD VB , CC VBZ RP DT JJ JJ NNS RB .
I 'm not fond of the Google - hates - privacy argument	PRP VBP RB JJ IN DT NNP HYPH NNS HYPH NN NN
( You do n't need to use their site , you can opt - out of sharing your information , you do n't need to send stuff to anyone with a Gmail account , and if -- wonder of wonders -- you 're worried that you might send something to someone who would forward an excerpt to someone who would then store it on a Gmail account ... you have far , far too much time on your hands ) .	-LRB- PRP VBP RB VB TO VB PRP$ NN , PRP MD VB HYPH NN IN VBG PRP$ NN , PRP VBP RB VB TO VB NN IN NN IN DT NN NN , CC IN , NN IN NNS , PRP VBP JJ IN PRP MD VB NN IN NN WP MD VB DT NN IN NN WP MD RB NN PRP IN DT NNP NN , PRP VBP RB , RB RB JJ NN IN PRP$ NNS -RRB- .
However , this toolbar is really bad news .	RB , DT NN VBZ RB JJ NN .
On the other hand , it looks pretty cool .	IN DT JJ NN , PRP VBZ RB JJ .
Iran says it is creating nuclear energy without wanting nuclear weapons .	NNP VBZ PRP VBZ VBG JJ NN IN VBG JJ NNS .
The United States does n't believe the Iranian Government .	DT NNP NNPS VBZ RB VB DT JJ NN .
One can suspect the Iranian Government .	CD MD VB DT JJ NN .
But there is no proof .	CC EX VBZ DT NN .
I read an Article in Time magazine accusing the Iranian Government of being willing to start a nuclear war and I sympathise with the Article .	PRP VBD DT NN IN NNP NN VBG DT JJ NN IN VBG JJ TO VB DT JJ NN CC PRP VBP IN DT NN .
They are certainly being nasty to the United Nations Security Council in connection with the anti-proliferation treaty .	PRP VBP RB VBG JJ IN DT NNP NNPS NNP NNP IN NN IN DT NN NN .
The President has also said he would like to see Israel wiped off the map which he could n't even begin to try without nuclear weapons .	DT NNP VBZ RB VBN PRP MD VB TO VB NNP VBD RP DT NN WDT PRP MD RB RB VB TO VB IN JJ NNS .
But he has insisted that he wants nuclear power for peaceful purposes .	CC PRP VBZ VBN IN PRP VBZ JJ NN IN JJ NNS .
Many people want to use diplomacy with Iran rather than military pressure .	JJ NNS VBP TO VB NN IN NNP RB IN JJ NN .
But will diplomacy work ?	CC MD NN VB .
And can anyone use military pressure without proof ?	CC MD NN VB JJ NN IN NN .
One reader pointed out that the President watched the Americans in the embassy when they took them hostage .	CD NN VBN RP IN DT NNP VBD DT NNPS IN DT NN WRB PRP VBD PRP NN .
He has denied this .	PRP VBZ VBN DT .
We do n't have to believe him .	PRP VBP RB VB TO VB PRP .
But we ca n't prove it .	CC PRP MD RB VB PRP .
It does seem that Iranians frequently make statements and then hide behind lack of proof .	PRP VBZ VB DT NNPS RB VB NNS CC RB VB IN NN IN NN .
Angry crowds chanted anti-American slogans in the western city of Falluja ( pop. 256,000 ) as the security police killed in a friendly fire incident by US troops were buried on Saturday .	JJ NNS VBN JJ NNS IN DT JJ NN IN NNP -LRB- VBN CD -RRB- IN DT NN NNS VBD IN DT JJ NN NN IN NNP NNS VBD VBN IN NNP .
Reuters reported that " Sunni clerics in the town issued a ' Declaration by the people of Fallujah ' condemning the deaths of the security guards and police , announcing three days of mourning , and calling for a general strike today . "	NNP VBD IN `` JJ NNS IN DT NN VBD DT `` NN IN DT NNS IN NNP '' VBG DT NNS IN DT NN NNS CC NNS , VBG CD NNS IN VBG , CC VBG IN DT JJ NN NN . ''
It read , " The people of Fallujah condemn the massacre which was committed on Friday against people dedicated to the protection of Fallujah .	PRP VBD , `` DT NNS IN NNP VBD DT NN WDT VBD VBN IN NNP IN NNS VBD IN DT NN IN NNP .
Let aggressive ( American ) leaders and soldiers know that we are capable of protecting the city 's security and safety , and ask them to lift their hands from the city . "	VB JJ -LRB- JJ -RRB- NNS CC NNS VBP IN PRP VBP JJ IN VBG DT NN POS NN CC NN , CC VB PRP TO VB PRP$ NNS IN DT NN . ''
The clerics demanded talks with local US commanders .	DT NNS VBD NNS IN JJ NNP NNS .
Falluja has long been roiled by tense relations with the US soldiers there , since local Sunnis either remain committed to Arab nationalism or have become Sunni fundamentalists or even radicals .	NNP VBZ RB VBN VBN IN NN NNS IN DT NNP NNS RB , IN JJ NNPS CC VBP JJ IN JJ NN CC VBP VBN JJ NNS CC RB NNS .
Cities such as Falluja received special treatment from Saddam and enjoyed a disproportionate share of the country 's wealth and power .	NNS JJ IN NNP VBD JJ NN IN NNP CC VBD DT JJ NN IN DT NN POS NN CC NN .
They know that the American advent implies for them a demotion , and an elevation of the Shiites and Kurds , and they refuse to go quietly .	PRP VBP IN DT JJ NN VBZ IN PRP DT NN , CC DT NN IN DT NNPS CC NNP , CC PRP VBP TO VB RB .
See http://www.gulf-news.com/Articles/news.asp?ArticleID=97508	VB ADD
The Supreme Court announced its ruling today in Hamdan v. Rumsfeld divided along idelogical lines with John Roberts abstaining due to his involvement at the D.C. Circuit level and Anthony Kennedy joining the liberals in a 5 - 3 decision that is 185 pages long .	DT NNP NNP VBD PRP$ VBG NN IN NNP NNP NNP VBD IN JJ NNS IN NNP NNP VBG JJ IN PRP$ NN IN DT NNP NNP NN CC NNP NNP VBG DT NNS IN DT CD HYPH CD NN WDT VBZ CD NNS RB .
The actual vote is a little confusing .	DT JJ NN VBZ DT JJ NN .
Stay with me now : John Paul STEVENS delivered the opinion of the Court with respect to Parts I through IV , VI through VI - D - iii , VI - D - v , and VII , in which KENNEDY , SOUTER , GINSBURG , and BREYER joined , and an opinion with respect to Parts V and VI - D - iv , in which SOUTER , GINSBURG , and BREYER joined .	VB IN PRP RB : NNP NNP NNP VBD DT NN IN DT NN IN NN IN NNS PRP IN NN , CD IN CD HYPH NNP HYPH JJ , CD HYPH NNP HYPH JJ , CC NNP , IN WDT NNP , NNP , NNP , CC NNP VBD , CC DT NN IN NN IN NNP NNP CC NNP HYPH NNP HYPH JJ , IN WDT NNP , NNP , CC NNP VBD .
BREYER filed a concurring opinion , in which KENNEDY , SOUTER , and GINSBURG joined .	NNP VBD DT VBG NN , IN WDT NNP , NNP , CC NNP VBD .
KENNEDY filed an opinion concurring in part , in which SOUTER , GINSBURG , and BREYER joined as to Parts I and II .	NNP VBD DT NN VBG IN NN , IN WDT NNP , NNP , CC NNP VBD IN TO NNP PRP CC CD .
SCALIA filed a dissenting opinion , in which THOMAS and ALITO joined .	NNP VBD DT VBG NN , IN WDT NNP CC NNP VBD .
THOMAS filed a dissenting opinion , in which SCALIA joined , and in which ALITO joined as to all but Parts I , II - C - 1 , and III - B - 2 .	NNP VBD DT VBG NN , IN WDT NNP VBD , CC IN WDT NNP VBD IN IN DT CC NNS PRP , CD HYPH NN HYPH CD , CC CD HYPH NN HYPH CD .
ALITO filed a dissenting opinion , in which SCALIA and THOMAS joined as to Parts I through III .	NNP VBD DT VBG NN , IN WDT NNP CC NNP VBD IN TO NNP PRP IN CD .
It will take me a little while to read the whole thing , but I rarely agree with a John Paul Stevens opinion .	PRP MD VB PRP DT JJ NN TO VB DT JJ NN , CC PRP RB VBP IN DT NNP NNP NNP NN .
I 'll post highlights from the opinion and dissents when I 'm finished .	PRP MD VB NNS IN DT NN CC NNS WRB PRP VBP JJ .
Important news such as President Bush 's miniscule calibrations on his marriage amendment / anti-gay ( update : he 's not against gays in the bedroom , just at the altar , where of course their relationships should not only be frowned upon but should be constitutionally excluded ) has pushed Sudan not just off the front pages , or the A section , but out of the NY Times and Washington Post completely .	JJ NN JJ IN NNP NNP POS JJ NNS IN PRP$ NN NN , NN -LRB- NN : PRP VBZ RB IN NNS IN DT NN , RB IN DT NN , WRB IN NN PRP$ NNS MD RB RB VB VBN IN CC MD VB RB VBN -RRB- VBZ VBN NNP RB RB IN DT JJ NNS , CC DT NN NN , CC IN IN DT NNP NNP CC NNP NNP RB .
I had to go to the BBC for this report .	PRP VBD TO VB IN DT NNP IN DT NN .
It 's symptomatic , I suppose , of our fast - paced , 24 hour news - cycle lives , that the biggest short - term humanitarian crisis in the world would quickly be eclipsed , once our Secretary of State was finished with his whirlwind tour , from the newspapers .	PRP VBZ JJ , PRP VBP , IN PRP$ JJ HYPH VBN , CD NN NN HYPH NN NNS , IN DT JJS JJ HYPH NN JJ NN IN DT NN MD RB VB VBN , IN PRP$ NN IN NNP VBD VBN IN PRP$ NN NN , IN DT NNS .
It 's just disappointing .	PRP VBZ RB VBG .
Most troubling , however , is the fact that the political will to end the crisis expressed a few short weeks ago seems to have ebbed .	RBS JJ , RB , VBZ DT NN IN DT JJ MD TO VB DT NN VBD DT JJ JJ NNS RB VBZ TO VB VBN .
At that time , UN Secretary General Kofi Annan demanded steps be taken to end the ethnic violence in Darfur within 48 hours .	IN DT NN , NNP NNP NNP NNP NNP VBD NNS VB VBN TO VB DT JJ NN IN NNP IN CD NNS .
Two weeks later , and the violence continues .	CD NNS RBR , CC DT NN VBZ .
The African Union is clearly not up to the task of keeping the peace , pledging 300 troops to an area that will need 15,000 , according to analysts .	DT JJ NNP VBZ RB RB RB IN DT NN IN VBG DT NN , VBG CD NNS IN DT NN WDT MD VB CD , VBG IN NNS .
And international donors have given only half of the relief aid that Darfur needs , according to the local UN officials .	CC JJ NNS VBP VBN RB NN IN DT NN NN WDT NNP VBZ , VBG IN DT JJ NNP NNS .
So hear we are , two weeks later , after that dazzling PR display two weeks ago by Powell and Annan , and the situation on the ground in Darfur appears basically unchanged .	RB VB PRP VBP , CD NNS RBR , IN DT VBG NN VB CD NNS RB IN NNP CC NNP , CC DT NN IN DT NN IN NNP VBZ RB JJ .
Warren Buffett is giving away 85 % of his wealth , mostly to the Bill and Melinda Gates Foundation .	NNP NNP VBZ VBG RB CD NN IN PRP$ NN , RB IN DT NNP CC NNP NNP NNP .
It 's a move that really worries me ; Buffett 's usual justification for keeping most of his money was that he was still compounding the value of his fortune at a pretty high rate , so any gifts now would mean significantly less money for the foundation later .	PRP VBZ DT NN WDT RB VBZ PRP , NNP POS JJ NN IN VBG JJS IN PRP$ NN VBD IN PRP VBD RB VBG DT NN IN PRP$ NN IN DT RB JJ NN , RB DT NNS RB MD VB RB JJR NN IN DT NN RBR .
It 's a little hard to parse , but at this point his ostensible view is that the Gateses are very good money - redistributors , and he wants them to have the money as soon as possible .	PRP VBZ DT JJ JJ TO VB , CC IN DT NN PRP$ JJ NN VBZ IN DT NNS VBP RB JJ NN HYPH NNS , CC PRP VBZ PRP TO VB DT NN RB RB IN JJ .
Which essentially sounds like he 's worried that Bill or Melinda are going to die soon .	WDT RB VBZ IN PRP VBZ JJ IN NNP CC NNP VBP VBG TO VB RB .
I assume his actual reason is that he 's worried that Berkshire Hathaway just ca n't grow quickly enough to justify his usual charity policy .	PRP VBP PRP$ JJ NN VBZ IN PRP VBZ JJ IN NNP NNP RB MD RB VB RB RB TO VB PRP$ JJ NN NN .
I 'm not sure how the market will react .	PRP VBP RB JJ WRB DT NN MD VB .
It does n't change the company 's intrinsic worth , and as the article notes , the company might be added to a major index once the shares get more liquid .	PRP VBZ RB VB DT NN POS JJ JJ , CC IN DT NN NNS , DT NN MD VB VBN IN DT JJ NN IN DT NNS VBP JJR JJ .
On the other hand , this is essentially a statement that the company is overpriced from the guy who knows it best -- and happens to be the best investor of the last century .	IN DT JJ NN , DT VBZ RB DT NN IN DT NN VBZ JJ IN DT NN WP VBZ PRP JJS , CC VBZ TO VB DT JJS NN IN DT JJ NN .
em ... no ... the Gates foundation mainly invests in medical research and education , that means donating now adds a tremendous value compared to donating in ten years .	UH , UH , DT NNP NN RB VBZ IN JJ NN CC NN , DT VBZ VBG RB VBZ DT JJ NN VBN IN VBG IN CD NNS .
Because the 10.000.000 people dying from malaria will otherwise be dead .	IN DT CD NNS VBG IN NNP MD RB VB JJ .
i.e .	NN .
He 's not giving 85 % away , he 's giving a number of shares each year that decrease in number at the rate of 5 % a year ( until gone ? ) .	PRP VBZ RB VBG CD NN RB , PRP VBZ VBG DT NN IN NNS DT NN WDT VBZ IN NN IN DT NN IN CD NN DT NN -LRB- IN VBN . -RRB- .
He mentions his wife 's death having an effect on him .	PRP VBZ PRP$ NN POS NN VBG DT NN IN PRP .
It sounds pretty rational that he 's saying that Bill and Melinda are at a prime spot , so starting the money hose now is a good idea , but Buffet is still keeping most of his donation inside of Berkshire where it will compound .	PRP VBZ RB JJ IN PRP VBZ VBG IN NNP CC NNP VBP IN DT JJ NN , RB VBG DT NN NN RB VBZ DT JJ NN , CC NNP VBZ RB VBG JJS IN PRP$ NN IN IN NNP WRB PRP MD VB .
Bill over at The Fourth Rail has an excellent essay on how the MSM and the UN , even the leftist countries in Europe , are basically accepting terrorist organizations as legitimate forms of a political party :	NNP RB IN DT JJ NN VBZ DT JJ NN IN WRB DT NNP CC DT NNP , RB DT JJ NNS IN NNP , VBP RB VBG JJ NNS IN JJ NNS IN DT JJ NN :
On the same day Palestinians protest in support of Hezbollah and Syria , the terrorist group Hamas has indicated it will participate in the scheduled upcoming Parliamentary elections .	IN DT JJ NN NNPS VBP IN NN IN NNP CC NNP , DT NN NN NNP VBZ VBN PRP MD VB IN DT VBN JJ JJ NNS .
To the north in Lebanon , there is serious debate within Hezbollah about entering the Lebanese political process in light of Syria 's promised withdrawal .	IN DT NN IN NNP , EX VBZ JJ NN IN NNP IN VBG DT JJ JJ NN IN NN IN NNP POS VBN NN .
Syria has agreed to withdraw under the conditions set forth in UNSC Resolution 1559 , which has already begun .	NNP VBZ VBN TO VB IN DT NNS VBN RB IN NNP NNP CD , WDT VBZ RB VBN .
UN Secretary - General Kofi Annan has indicated it is time to " recognize Hezbollah " after easily being duped by " the message on the placards they are using " .	NNP NNP HYPH NNP NNP NNP VBZ VBN PRP VBZ NN TO `` VB NNP '' IN RB VBG VBN IN `` DT NN IN DT NNS PRP VBP VBG '' .
This acceptance of blatantly terrorist groups as legitimate freedom movements is a cancerous tumor on the United Nations and the media .	DT NN IN RB JJ NNS IN JJ NN NNS VBZ DT JJ NN IN DT NNP NNPS CC DT NN .
Over three years after 9-11 , the United Nations , despite their attempts to project strength in fighting terrorism , still can not properly define the word " terrorist " , waffling over the issue of whether the murder of innocent civilians are terrorist acts .	RB CD NNS IN CD , DT NNP NNPS , IN PRP$ NNS TO NN NN IN VBG NN , RB MD RB RB VB DT NN `` NN '' , VBG IN DT NN IN IN DT NN IN JJ NNS VBP JJ NNS .
The media routinely obscures the lines between terrorism and legitimate resistance , as the recent article by Daniel Okrent of The New York Times demonstrates .	DT NN RB VBZ DT NNS IN NN CC JJ NN , IN DT JJ NN IN NNP NNP IN DT NNP NNP NNP VBZ .
...	NFP
The decision to sidestep the obvious to satisfy the need to avoid confrontation does not bring peace , but only delays the eventual conflict as the predators of Hamas and Hezbollah exploit the inherent weakness of the internationals and the media .	DT NN TO VB DT JJ TO VB DT NN TO VB NN VBZ RB VB NN , CC RB VBZ DT JJ NN IN DT NNS IN NNP CC NNP VBP DT JJ NN IN DT NNS CC DT NN .
I 've been fuming over this fact for a few weeks now , ever since some organizations and governments suggested we need to accept the fact that Hezbollah will get involved in running Lebanon .	PRP VBP VBN VBG IN DT NN IN DT JJ NNS RB , RB IN DT NNS CC NNS VBD PRP VBP TO VB DT NN IN NNP MD VB JJ IN VBG NNP .
Wtf is this ?	NNP VBZ DT .
This is a terrorist organization plain and simple .	DT VBZ DT JJ NN RB CC JJ .
This is the organization that bombed our Marine barracks in 1983 , took Americans hostage throughout the 80's and now they should be considered a legitimate organization ?	DT VBZ DT NN WDT VBD PRP$ JJ NNS IN CD , VBD NNPS NN IN DT NNS CC RB PRP MD VB VBN DT JJ NN .
This is just another reason to never trust the MSM , and certainly not the Europeans .	DT VBZ RB DT NN TO RB VB DT NNP , CC RB RB DT NNPS .
The Iraqi Islamic Party lead by Muhsin Abdul Hamid , has been among the few Sunni Muslim groups willing to cooperate ( even if rather lukewarmly ) with the Americans .	DT JJ NNP NNP NN IN NNP NNP NNP , VBZ VBN IN DT JJ JJ JJ NNS JJ TO VB -LRB- RB IN RB RB -RRB- IN DT NNPS .
It is now threatening to pull out of the Allawi caretaker government .	PRP VBZ RB VBG TO VB IN IN DT NNP NN NN .
The IIP had also been the main force urging Sunni Arabs to participate in the elections scheduled for January , and had been opposed in this stance by the Association of Muslim Scholars .	DT NNP VBD RB VBN DT JJ NN NN JJ NN TO VB IN DT NNS VBN IN NNP , CC VBD VBN VBN IN DT NN IN DT NNP IN NNP NNP .
That the Iraqi Islamic Party is now contemplating leaving the Allawi government raises the question of whether a mass Sunni Arab boycott of the elections is in the offing , thus fatally weakening the legitimacy of any new government .	IN DT JJ NNP NNP VBZ RB VBG VBG DT NNP NN VBZ DT NN IN IN DT JJ JJ JJ NN IN DT NNS VBZ IN DT NN , RB RB VBG DT NN IN DT JJ NN .
Az - Zaman : The Association of Muslim Scholars forbade Iraqis to participate in the attack on Fallujah with the Americans .	NNP HYPH NNP : DT NNP IN NNP NNP VBD NNPS TO VB IN DT NN IN NNP IN DT NNPS .
In a communique , the AMS said that for Iraqis to take part with " raiding forces " in the assault on a city , the population of which is Muslim ( such as Fallujah ) would be considered the most mortal of mortal sins .	IN DT NN , DT NNP VBD IN IN NNP TO VB NN IN `` VBG NNS '' IN DT NN IN DT NN , DT NN IN WDT VBZ JJ -LRB- JJ IN NNP -RRB- MD VB VBN DT RBS JJ IN JJ NNS .
The Sunni AMS told Iraqis , " You sinned when you participated with occupation forces in the assault on Najaf , and beware lest you repeat this same sin in Fallujah .	DT JJ NNP VBD NNPS , '' PRP VBD WRB PRP VBD IN NN NNS IN DT NN IN NNP , CC VB JJS PRP VBP DT JJ NN IN NNP .
Remember that the Occupation is emphemeral . "	VB IN DT NN VBZ FW . ''
The radical Shiite Sadr movement issued a statement forbidding the participation of Iraqi troops in the attack on Fallujah , as well .	DT JJ JJ NNP NN VBD DT NN VBG DT NN IN JJ NNS IN DT NN IN NNP , RB RB .
The statement said , " We direct an appeal at the men in the Iraqi forces , whether national guards or others , the majority of whom are Muslim , calling upon them to refrain for commiting this enormous sin under the banner of forces that do not respect our religion or any principles of basic humanity , and we ask them to view this war as illegal . "	DT NN VBD , `` PRP VBP DT NN IN DT NNS IN DT JJ NNS , IN JJ NNS CC NNS , DT NN IN WP VBP JJ , VBG IN PRP TO VB IN VBG DT JJ NN IN DT NN IN NNS WDT VBP RB VB PRP$ NN CC DT NNS IN JJ NN , CC PRP VBP PRP TO VB DT NN IN JJ . ''
It called a " ploy " the assertaion that the attack was merely on foreign fighters at Fallujah .	PRP VBD DT `` NN '' DT NN IN DT NN VBD RB IN JJ NNS IN NNP .
The convergence of views among the more militant Sunni Muslim clerics of AMS and the radical Shiites of the Sadr movement has been seen before , last spring during the initial US assault on Fallujah and during the US attack on Mahdi Army militiamen in Najaf .	DT NN IN NNS IN DT RBR JJ JJ JJ NNS IN NNP CC DT JJ NNPS IN DT NNP NN VBZ VBN VBN RB , JJ NN IN DT JJ NNP NN IN NNP CC IN DT NNP NN IN NNP NNP NN IN NNP .
Most Shiites , however , are still reluctant to take major risks to support the Sunnis of Fallujah , many of whom had supported Saddam and his anti-Shiite pogroms .	JJS NNS , RB , VBP RB JJ TO VB JJ NNS TO VB DT NNPS IN NNP , JJ IN WP VBD VBN NNP CC PRP$ JJ NNS .
President Bush pinched a few nerves yesterday with his choice of words :	NNP NNP VBD DT JJ NNS NN IN PRP$ NN IN NNS :
WASHINGTON ( Reuters ) -	NNP -LRB- NNP -RRB- NFP
U.S. Muslim groups criticized President Bush on Thursday for calling a foiled plot to blow up airplanes part of a " war with Islamic fascists , " saying the term could inflame anti-Muslim tensions .	NNP NNP NNS VBD NN NNP IN NNP IN VBG DT VBN NN TO VB RP NNS NN IN DT `` NN IN NNP NNS , '' VBG DT NN MD VB JJ NNS .
U.S. officials have said the plot , thwarted by Britain , to blow up several aircraft over the Atlantic bore many of the hallmarks of al Qaeda .	NNP NNS VBP VBN DT NN , VBN IN NNP , TO VB RP JJ NN IN DT NNP NN JJ IN DT NNS IN NNP NNP .
" We believe this is an ill - advised term and we believe that it is counterproductive to associate Islam or Muslims with fascism , " said Nihad Awad , executive director of the Council on American - Islamic Relations advocacy group .	`` PRP VBP DT VBZ DT JJ HYPH VBN NN CC PRP VBP IN PRP VBZ JJ TO VB NNP CC NNP IN NN , '' VBD NNP NNP , JJ NN IN DT NN IN JJ HYPH JJ NNS NN NN .
Which is why he did n't say we 're at war with Islamic people .	WDT VBZ WRB PRP VBD RB VB PRP VBP IN NN IN JJ NNS .
We 're at war with Islamic fascists .	PRP VBP IN NN IN NNP NNS .
By using the word " Islamic " as an adjective Bush was purposely not associating Muslims with fascism , hence the qualifier .	IN VBG DT NN `` NNP '' IN DT JJ NNP VBD RB RB VBG NNPS IN NN , RB DT NN .
And if you have n't heard by now , the roster of suspected terrorists has not a Tom , Dick or Harry among them :	CC IN PRP VBP RB VBN IN RB , DT NN IN VBN NNS VBZ RB DT NN , NNP CC NNP IN PRP :
Umir Hussain , 24 , London E14	NNP NNP , CD , NNP NNP
Muhammed Usman Saddique , 24 , London E17	NNP NNP NNP , CD , NNP NNP
Waheed Zaman , 22 , London E17	NNP NNP , CD , NNP NNP
Assan Abdullah Khan , 22 , London E17	NNP NNP NNP , CD , NNP NNP
Waseem Kayani , 28 , High Wycombe	NNP NNP , CD , JJ NNP
Waheed Arafat Khan , 24 , London E17	NNP NNP NNP , CD , NNP NNP
Cossor Ali , 24 , London E17	NNP NNP , CD , NNP NNP
Tayib Rauf , 21 , Birmingham	NNP NNP , CD , NNP
Ibrahim Savant , 26 , London E17	NNP NNP , CD , NNP NNP
Osman Adam Khatib , 20 , London E17	NNP NNP NNP , CD , NNP NNP
Shamin Mohammed Uddin , 36 , Stoke Newington	NNP NNP NNP , CD , NNP NNP
Amin Asmin Tariq , 23 , London E17	NNP NNP NNP , CD , NNP NNP
Shazad Khuram Ali , 27 , High Wycombe	NNP NNP NNP , CD , JJ NNP
Tanvir Hussain , 24 , London E10	NNP NNP , CD , NNP NNP
Umar Islam , 28 , ( born Brian Young ) High Wycombe	NNP NNP , CD , -LRB- VBN NNP NNP -RRB- JJ NNP
Assad Sarwar , 25 , High Wycombe	NNP NNP , CD , JJ NNP
Abdullah Ali , 26 , London E17	NNP NNP , CD , NNP NNP
Abdul Muneem Patel , 17 , London E5	NNP NNP NNP , CD , NNP NNP
Nabeel Hussain , 21 , Waltham Forest Lest you be confused with the suspects from an earlier plot foiled in Canada a few months ago : Fahim Ahmad , 21 , Toronto ;	NNP NNP , CD , NNP NNP JJS PRP VB VBN IN DT NNS IN DT JJR NN VBN IN NNP DT JJ NNS RB : NNP NNP , CD , NNP ,
Zakaria Amara , 20 , Mississauga , Ont. ;	NNP NNP , CD , NNP , NNP ,
Asad Ansari , 21 , Mississauga ;	NNP NNP , CD , NNP ,
Shareef Abdelhaleen , 30 , Mississauga ;	NNP NNP , CD , NNP ,
Qayyum Abdul Jamal , 43 , Mississauga ;	NNP NNP NNP , CD , NNP ,
Mohammed Dirie , 22 , Kingston , Ont. ;	NNP NNP , CD , NNP , NNP ,
Yasim Abdi Mohamed , 24 , Kingston ;	NNP NNP NNP , CD , NNP ,
Jahmaal James , 23 , Toronto ;	NNP NNP , CD , NNP ,
Amin Mohamed Durrani , 19 , Toronto ;	NNP NNP NNP , CD , NNP ,
Steven Vikash Chand alias Abdul Shakur , 25 , Toronto ;	NNP NNP NNP RB NNP NNP , CD , NNP ,
Ahmad Mustafa Ghany , 21 , Mississauga ;	NNP NNP NNP , CD , NNP ,
Saad Khalid , 19 , of Eclipse Avenue , Mississauga .	NNP NNP , CD , IN NNP NNP , NNP .
We 've got a Steven , the one word that did n't crash my spell - check , despite it being followed by a Vikash Chand Abdul Shakur .	PRP VBP VBN DT NNP , DT CD NN WDT VBD RB VB PRP$ NN HYPH NN , IN PRP VBG VBN IN DT NNP NNP NNP NNP .
Folks , if it 's Islamic , and fascist , it 's an Islamic fascist .	NNS , IN PRP VBZ NNP , CC JJ , PRP VBZ DT NNP NN .
But because we do n't want to sound hateful we must pretend everyone 's a possible suspect and make airline travel more miserable than it 's ever been .	CC IN PRP VBP RB VB TO VB JJ PRP MD VB NN POS DT JJ NN CC VB NN NN RBR JJ IN PRP VBZ RB VBN .
On the internet site of Monotheism and Holy War ( al - Tawhid wa al - Jihad ) , the group allegedly declared , " We announce that the Tawhid and Jihad Group , its prince and soldiers , have pledged allegiance to the sheikh of the mujahideen Osama bin Laden . "	IN DT NN NN IN NNP CC NNP NNP -LRB- NNP HYPH NNP NNP NNP HYPH NNP -RRB- , DT NN RB VBD , `` PRP VBP IN DT NNP CC NNP NNP , PRP$ NN CC NNS , VBP VBN NN IN DT NN IN DT NN NNP NNP NNP . ''
This pledge is a new development .	DT NN VBZ DT JJ NN .
Abu Musab al - Zarqawi and his group are said to have been bitter rivals of al - Qaeda during the Afghan resistance days .	NNP NNP NNP HYPH NNP CC PRP$ NN VBP VBN TO VB VBN JJ NNS IN NNP HYPH NNP IN DT JJ NN NNS .
One witness at the Moutasaddiq trial in Germany alleged that Zarqawi had not allowed Monotheism and Holy War to share resources with al - Qaeda in the early zeroes of the 21st century .	CD NN IN DT NNP NN IN NNP VBD IN NNP VBD RB VBN NN CC NNP NNP TO VB NNS IN NNP HYPH NNP IN DT JJ NNS IN DT JJ NN .
If the statement is true , it is a worrying sign that even the divided small radical guerrilla groups are being " picked up " by al - Qaeda .	IN DT NN VBZ JJ , PRP VBZ DT JJ NN WDT RB DT VBN JJ JJ NN NNS VBP VBG `` VBN RP '' IN NNP HYPH NNP .
This consolidation is obviously a result of Bush 's aggressive invasion of Iraq and of the botching of the aftermath .	DT NN VBZ RB DT NN IN NNP POS JJ NN IN NNP CC IN DT NN IN DT NN .
It is a setback for the war on terror .	PRP VBZ DT NN IN DT NN IN NN .
Al - Qaeda in Afghanistan was a group of only a few hundred " Afghan Arabs " who pledged personal loyalty to Usamah Bin Laden .	NNP HYPH NNP IN NNP VBD DT NN IN RB DT JJ JJ `` JJ NNPS '' WP VBD JJ NN IN NNP NNP NNP .
It could notionally be expanded to encompass the 5,000 - strong " 55th Brigade " of the Taliban regime , though this is not the technical definition .	PRP MD RB VB VBN TO VB DT CD HYPH JJ '' JJ NN '' IN DT NNP NN , IN DT VBZ RB DT JJ NN .
Because Usamah is Saudi , my guess is that they were especially influenced by an extremist form of the Wahhabi school of Islam that predominates among Saudia 's some 15 million citizens .	IN NNP VBZ JJ , PRP$ NN VBZ IN PRP VBD RB VBN IN DT NN NN IN DT NNP NN IN NNP WDT VBZ IN NNP POS DT CD CD NNS .
In 1998 they were joined by Egyptians from the al - Jihad al - Islami group of Ayman al - Zawahiri ( many of these were from Upper Egypt , especially Asyut and environs ) .	IN CD PRP VBD VBN IN NNPS IN DT NNP HYPH NNP NNP HYPH NNP NN IN NNP NNP HYPH NNP -LRB- JJ IN DT VBD IN NNP NNP , RB NNP CC NNS -RRB- .
After that point , al - Qaeda was a joint enterprise between the Egyptian extremists and the polyglot Arabs around Bin Laden , only some of whom were Saudi .	IN DT NN , NNP HYPH NNP VBD DT JJ NN IN DT JJ NNS CC DT JJ NNPS IN NNP NNP , RB DT IN WP VBD JJ .
Zarqawi is a Jordanian , and his Monotheism and Holy War group in Afghanistan probably had a distinctive coloration as mainly Jordanian , Palestinian and Syrian .	NNP VBZ DT JJ , CC PRP$ NN CC NNP NNP NN IN NNP RB VBD DT JJ NN IN RB NNP , JJ CC JJ .
They also had a special connection to some extremists in Jordan and Germany .	PRP RB VBD DT JJ NN IN DT NNS IN NNP CC NNP .
They are probably especially oriented toward the Salafi school of modern Islamic thought , which has a Protestant - like emphasis on going back to the original practice of the early companions of the Prophet Muhammad .	PRP VBP RB RB VBN IN DT NNP NN IN JJ NNP NNP , WDT VBZ DT NN HYPH JJ NN IN VBG RB IN DT JJ NN IN DT JJ NNS IN DT NNP NNP .
( Most Salafis are not militant or violent , though they tend to be rather narrow - minded in my experience , on the order of Protestant Pietists ) .	-LRB- JJS NNPS VBP RB JJ CC JJ , IN PRP VBP TO VB RB JJ HYPH VBN IN PRP$ NN , IN DT NN IN NNP NNPS -RRB- .
Monotheism and Holy War obviously does have a violent interpretation of Salafism , rather as the the leaders of the so - called German Peasant Rebellion among early Protestants did .	NNP CC NNP NNP RB VBZ VB DT JJ NN IN NNP , RB IN DT DT NNS IN DT RB HYPH VBN NNP NNP NNP IN JJ NNS VBD .
Another worrisome sign is that local Iraqi Sunni fundamentalists opposed to the US presence in Iraq have begun joining Monotheism and Holy War , and wearing its distinctive orange and black insignia .	DT JJ NN VBZ IN JJ JJ JJ NNS VBN IN DT NNP NN IN NNP VBP VBN VBG NN CC NNP NNP , CC VBG PRP$ JJ NN CC JJ NN .
These have been sighted among Iraqi crowds on Haifa Street in Baghdad and in Samarra .	DT VBP VBN VBN IN JJ NNS IN NNP NNP IN NNP CC IN NNP .
So now there are hundreds of al - Qaeda members in Iraq where there had been none before .	RB RB EX VBP NNS IN NNP HYPH NNP NNS IN NNP WRB EX VBD VBN RB RB .
The consolidation of smaller local radical fundamentalist groups with al - Qaeda can also be seen in the case of the Fizazi group in Tangiers that morphed into the Moroccan Islamic Combatant Group , had members who met with September 11 ringleader Muhammad Atta , and ultimately was in part responsible for the Madrid train bombings .	DT NN IN JJ JJ JJ JJ NNS IN NNP HYPH NNP MD RB VB VBN IN DT NN IN DT NNP NN IN NNS WDT VBD IN DT JJ NNP NNP NNP , VBD NNS WP VBD IN NNP CD NN NNP NNP , CC RB VBD IN NN JJ IN DT NNP NN NNS .
The September 11 Panel will issue its findings on Thursday .	DT NNP CD NN MD NN PRP$ NNS IN NNP .
It notes 10 points at which the US made key mistakes that might have stopped Bin Laden 's plot .	PRP VBZ CD NNS IN WDT DT NNP VBD JJ NNS WDT MD VB VBN NNP NNP POS NN .
Four of these were under Clinton and 6 under Bush .	CD IN DT VBD IN NNP CC CD IN NNP .
Bush came out today and said that if he had known what was coming , he would have expended every effort to stop it , and that so would have Clinton .	NNP VBD RB NN CC VBD IN IN PRP VBD VBN WP VBD VBG , PRP MD VB VBN DT NN TO VB PRP , CC IN RB MD VB NNP .
This statement is , despite its facade of fair - mindedness , so many weasel words .	DT NN VBZ , IN PRP$ NN IN JJ HYPH NN , RB JJ NN NNS .
Of course Bush would have tried to stop 9/11 if he had known it was coming .	IN NN NNP MD VB VBN TO VB CD IN PRP VBD VBN PRP VBD VBG .
The question is , " Should he have known it was coming ? "	DT NN VBZ , `` MD PRP VB VBN PRP VBD VBG . ''
The answer is , " Yes ! "	DT NN VBZ , `` UH . ''
We now know that Bush and his administration came into office obsessed with Iraq .	PRP RB VBP IN NNP CC PRP$ NN VBD IN NN JJ IN NNP .
Cheney was looking at maps of Iraq oil fields and muttering about opportunities for US companies there , already in January or February of 2001 .	NNP VBD VBG IN NNS IN NNP NN NNS CC VBG IN NNS IN NNP NNS RB , RB IN NNP CC NNP IN CD .
Wolfowitz contradicted counter-terrorism czar Richard Clarke when the latter spoke of the al - Qaeda threat , insisting that the preeminent threat of terrorism against the US came from Iraq , and indicating he accepted Laurie Mylroie 's crackpot conspiracy theory that Saddam was behind the 1993 World Trade Towers bombing .	NNP VBD IN NN NNP NNP WRB DT JJ NN IN DT NNP HYPH NNP NN , VBG IN DT JJ NN IN NN IN DT NNP VBD IN NNP , CC VBG PRP VBD NNP NNP POS NN NN NN IN NNP VBD IN DT CD NNP NNP NNPS NN .
If you believe crackpot theories instead of focusing on the reality -- that was an al - Qaeda operation mainly carried out by al - Gamaa al - Islamiyyah , an Egyptian terrorist component allied with Bin Laden -- then you will concentrate on the wrong threat .	IN PRP VBP NN NNS RB IN VBG IN DT NN , WDT VBD DT NNP HYPH NNP NN RB VBN RP IN NNP HYPH NNP NNP HYPH NNP , DT JJ NN NN VBN IN NNP NNP , RB PRP MD VB IN DT JJ NN .
Even after the attacks on September 11 , Bush was obsessing about Iraq .	RB IN DT NNS IN NNP CD , NNP VBD VBG IN NNP .
Wolfowitz lied to him and said that there was a 10 to 50 % chance that Iraq was behind them .	NNP VBD IN PRP CC VBD IN EX VBD DT CD IN CD NN NN WDT NNP VBD IN PRP .
( On what evidence ?	-LRB- IN WP NN .
The hijackers were obviously al - Qaeda , and no operational links between al - Qaeda and Iraq had ever been found ) .	DT NNS VBD RB NNP HYPH NNP , CC DT JJ NNS IN NNP HYPH NNP CC NNP VBD RB VBN JJ -RRB- .
Rumsfeld initially rejected an attack on al - Qaeda bases in Afghanistan , saying there were " no good targets " in Afghanistan .	NNP RB VBD DT NN IN NNP HYPH NNP NNS IN NNP , VBG EX VBD `` DT JJ NNS '' IN NNP .
( What about 40 al - Qaeda bases that had trained the 9/11 hijackers and other terrorists gunning for the United States ?? )	-LRB- WP IN CD NNP HYPH NNP NNS WDT VBD VBN DT CD NNS CC JJ NNS VBG IN DT NNP NNPS NNP -RRB-
The Pentagon did not even have a plan for dealing with Afghanistan or al - Qaeda that it could pull off the shelf , according to Bob Woodward .	DT NNP VBD RB RB VB DT NN IN VBG IN NNP CC NNP HYPH NNP IN PRP MD VB RP DT NN , VBG TO NNP NNP .
Bush did not have his eye on the ball .	NNP VBD RB VB PRP$ NN IN DT NN .
Neither did Cheney , Rumsfeld , or Wolfowitz .	RB VBD NNP , NNP , CC NNP .
They were playing Captain Ahab to Saddam 's great white whale .	PRP VBD VBG NNP NNP IN NNP POS JJ JJ NN .
Imperial Hubris makes the case that lots of people in the CIA and counter-terrorism divisions elsewhere in the US government knew all about Bin Laden and the threat he posed .	JJ NN VBZ DT NN WDT NNS IN NNS IN DT NNP CC JJ NNS RB IN DT NNP NN VBD RB IN NNP NNP CC DT NN PRP VBD .
They were from all accounts marginalized and not listened to .	PRP VBD IN DT NNS VBD CC RB VBN IN .
Bush demoted Dick Clarke , among the most vocal and focused of the al - Qaeda experts , from his cabinet .	NNP VBD NNP NNP , IN DT RBS JJ CC VBN IN DT NNP HYPH NNP NNS , IN PRP$ NN .
Dick could never thereafter get any real cooperation from the cabinet officers , who outranked him , and he could not convince them to go to battle stations in the summer of 2001 when George Tenet 's hair was " on fire " about the excited chatter the CIA was picking up from radical Islamist terrorists .	NNP MD RB RB VB DT JJ NN IN DT NN NNS , WP VBD PRP , CC PRP MD RB VB PRP TO VB IN NN NNS IN DT NN IN CD WRB NNP NNP POS NN VBD `` IN NN '' IN DT VBN NN DT NNP VBD VBG RB IN JJ NNP NNS .
