sequence,role,variant,source_sheet,folder,crop,prompt,original_crop_filename,crop_sha256
1,Orchestrator,,18281,characters/001_orchestrator,characters/001_orchestrator/character_crop.png,characters/001_orchestrator/prompt.txt,18281_11_orchestrator.png,1fee956cab163d3777ec484d0961ac3e6cfb126362fc7d66848dc243d40b6819
2,UX Designer,,18281,characters/002_ux_designer,characters/002_ux_designer/character_crop.png,characters/002_ux_designer/prompt.txt,18281_12_ux_designer.png,0c7eeacd2cab5c4fe9ac74b2783a8e6a2bab5780d95a6acd651d9affb32f9524
3,Researcher,,18281,characters/003_researcher,characters/003_researcher/character_crop.png,characters/003_researcher/prompt.txt,18281_13_researcher.png,390fc95dc195c5c843826d23dd13a7b0ec52a5eac386a6cee1ae42cb895c89b7
4,Implementation Engineer,,18281,characters/004_implementation_engineer,characters/004_implementation_engineer/character_crop.png,characters/004_implementation_engineer/prompt.txt,18281_14_implementation_engineer.png,0965a8ff38e62035914ee5b0a88d5263b4837299ab74c006ec68cfb4114ca1d7
5,Architect,,18281,characters/005_architect,characters/005_architect/character_crop.png,characters/005_architect/prompt.txt,18281_15_architect.png,6ce3b3c3132895b8e7b9079d7f8dc3835021feec84e7533158723964cf26772d
6,EPA Representative,,18281,characters/006_epa_representative,characters/006_epa_representative/character_crop.png,characters/006_epa_representative/prompt.txt,18281_21_epa_representative.png,d1f088c0d50f378a67259c6c2042ab48283082bb2481122526db73a91993bc27
7,Adversarial Reviewer,,18281,characters/007_adversarial_reviewer,characters/007_adversarial_reviewer/character_crop.png,characters/007_adversarial_reviewer/prompt.txt,18281_22_adversarial_reviewer.png,07f9777bf2189ea0bebe8dffea7abebbef6aabb4322414cceef25a60d8458b25
8,QA Engineer,,18281,characters/008_qa_engineer,characters/008_qa_engineer/character_crop.png,characters/008_qa_engineer/prompt.txt,18281_23_qa_engineer.png,fe933ae3d75e464856939f27b474992223c73fb3cf2d272c7c3e6e52234060e9
9,Release Engineer,,18281,characters/009_release_engineer,characters/009_release_engineer/character_crop.png,characters/009_release_engineer/prompt.txt,18281_24_release_engineer.png,90de02474784649a872019e9431209346bfdbe41ef6b298fa79b5a608a2687f8
10,Antagonist,,18281,characters/010_antagonist,characters/010_antagonist/character_crop.png,characters/010_antagonist/prompt.txt,18281_25_antagonist.png,28b6d0ccde15b632bdcc2af1a9c381aba60834e0db638f4223aaf0171fad6bc8
11,Product Manager,,18281,characters/011_product_manager,characters/011_product_manager/character_crop.png,characters/011_product_manager/prompt.txt,18281_31_product_manager.png,cedb38d1cfd265f674360717c33867d4dc69906128594229e2e79c81554e8bd5
12,Crash Test Dummy,,18281,characters/012_crash_test_dummy,characters/012_crash_test_dummy/character_crop.png,characters/012_crash_test_dummy/prompt.txt,18281_32_crash_test_dummy.png,52edda2f8d80f40fa6559082ee6788eb682ef027521762496f599b4e593f799d
13,Recovery Engineer,,18281,characters/013_recovery_engineer,characters/013_recovery_engineer/character_crop.png,characters/013_recovery_engineer/prompt.txt,18281_33_recovery_engineer.png,2037247c5b163d1d219b7affaa68210816a966fa0600ec62d866aef118d6d3fb
14,Code Reviewer,,18281,characters/014_code_reviewer,characters/014_code_reviewer/character_crop.png,characters/014_code_reviewer/prompt.txt,18281_34_code_reviewer.png,d3858df44ef52be4ff5d3765d1c13f9b055170f809d2d3fc334b13a3e4f0cd74
15,Hall Monitor,,18281,characters/015_hall_monitor,characters/015_hall_monitor/character_crop.png,characters/015_hall_monitor/prompt.txt,18281_35_hall_monitor.png,211277fa143c25eaf91311f3081aa69fe8c3385a25f46358a1db31754e4eb64c
16,Data Miner,Sheet 1 variant,18281,characters/016_data_miner_sheet_1_variant,characters/016_data_miner_sheet_1_variant/character_crop.png,characters/016_data_miner_sheet_1_variant/prompt.txt,18281_41_data_miner.png,013ce8f05af50c548da2012b61e2d0b71cc6ed480d4bc096fbeb938fc66c61c1
17,Knowledge Keeper,Sheet 1 variant,18281,characters/017_knowledge_keeper_sheet_1_variant,characters/017_knowledge_keeper_sheet_1_variant/character_crop.png,characters/017_knowledge_keeper_sheet_1_variant/prompt.txt,18281_42_knowledge_keeper.png,c348af228d815e95b8278ac24ac1450c3f194561ee891061ae40401d6b2bb6b2
18,Pattern Seeker,Sheet 1 variant,18281,characters/018_pattern_seeker_sheet_1_variant,characters/018_pattern_seeker_sheet_1_variant/character_crop.png,characters/018_pattern_seeker_sheet_1_variant/prompt.txt,18281_43_pattern_seeker.png,0e988c4083bbc72dd152ad60c6df90d2027cbbf40df4e5fc609b879cda7e06a8
19,Translator,Sheet 1 variant,18281,characters/019_translator_sheet_1_variant,characters/019_translator_sheet_1_variant/character_crop.png,characters/019_translator_sheet_1_variant/prompt.txt,18281_44_translator.png,baf85ab53fe4542f508a43699e9162b6706469c822587917bea76887d58fe584
20,Connector,Sheet 1 variant,18281,characters/020_connector_sheet_1_variant,characters/020_connector_sheet_1_variant/character_crop.png,characters/020_connector_sheet_1_variant/prompt.txt,18281_45_connector.png,a0b3887dd3a4c3a5e87568671774513a5fcd2b05e9f607f7358c3107054e963f
21,Data Miner,Sheet 2 variant,18282,characters/021_data_miner_sheet_2_variant,characters/021_data_miner_sheet_2_variant/character_crop.png,characters/021_data_miner_sheet_2_variant/prompt.txt,18282_11_data_miner.png,c10fb71f74bbd0fe0812114670cf5c19b391d74b50092b743a49ced0611300e2
22,Knowledge Keeper,Sheet 2 variant,18282,characters/022_knowledge_keeper_sheet_2_variant,characters/022_knowledge_keeper_sheet_2_variant/character_crop.png,characters/022_knowledge_keeper_sheet_2_variant/prompt.txt,18282_12_knowledge_keeper.png,bc56b64fa02c3cb95e4d6dba53d47ad67f89c6f6826d59d02d28c4c202e5b0c8
23,Pattern Seeker,Sheet 2 variant,18282,characters/023_pattern_seeker_sheet_2_variant,characters/023_pattern_seeker_sheet_2_variant/character_crop.png,characters/023_pattern_seeker_sheet_2_variant/prompt.txt,18282_13_pattern_seeker.png,e87ccf34aa6108e134c52f2f531fd100866af001ade432d2e770fd6549067b45
24,Translator,Sheet 2 variant,18282,characters/024_translator_sheet_2_variant,characters/024_translator_sheet_2_variant/character_crop.png,characters/024_translator_sheet_2_variant/prompt.txt,18282_14_translator.png,7e3718f27a536822dea263e38f8e4d9b7e9f1ef679dec8a3f44ae5de2253b574
25,Connector,Sheet 2 variant,18282,characters/025_connector_sheet_2_variant,characters/025_connector_sheet_2_variant/character_crop.png,characters/025_connector_sheet_2_variant/prompt.txt,18282_15_connector.png,cfbb7d1155a73504e449a061b7d2d7ea5a4b18843c4af3fec7aa4ce150980268
26,Scheduler,Sheet 2 variant,18282,characters/026_scheduler_sheet_2_variant,characters/026_scheduler_sheet_2_variant/character_crop.png,characters/026_scheduler_sheet_2_variant/prompt.txt,18282_21_scheduler.png,d9bd2633a196a7f0ee1d8dd34032a987f614dcf9de2fc13cf7644705b4ccf908
27,Optimizer,Sheet 2 variant,18282,characters/027_optimizer_sheet_2_variant,characters/027_optimizer_sheet_2_variant/character_crop.png,characters/027_optimizer_sheet_2_variant/prompt.txt,18282_22_optimizer.png,302cbf627aba4bafc7c3fb88902d5d175a6e43d96e509765cd5625c2e289bd1c
28,Simulator,,18282,characters/028_simulator,characters/028_simulator/character_crop.png,characters/028_simulator/prompt.txt,18282_23_simulator.png,5e4d659f2ebcbb39f4a69f899ef46202f045106fb3c6197499bbd12e29be64b2
29,Documenter,,18282,characters/029_documenter,characters/029_documenter/character_crop.png,characters/029_documenter/prompt.txt,18282_24_documenter.png,14f3f948c1d765d7dc0d236dc46bc0e049c9b3ddf22509a1739145c8476b1d14
30,Guardian,,18282,characters/030_guardian,characters/030_guardian/character_crop.png,characters/030_guardian/prompt.txt,18282_25_guardian.png,16298a639520fc19578f7b0b4ad51aa6e3f7057436042237094168d286ab7002
31,Creative Synthesizer,,18282,characters/031_creative_synthesizer,characters/031_creative_synthesizer/character_crop.png,characters/031_creative_synthesizer/prompt.txt,18282_31_creative_synthesizer.png,a168664a19c84ba3a429a7f81200c0d6f3e386f963a5ce681ff9882f7777b2b9
32,Resource Manager,Sheet 2 variant,18282,characters/032_resource_manager_sheet_2_variant,characters/032_resource_manager_sheet_2_variant/character_crop.png,characters/032_resource_manager_sheet_2_variant/prompt.txt,18282_32_resource_manager.png,4149fe552ff96bfc1cd0c6a7d6bfae8d9df4b9916f2ed023557fdd8a8d4c4f19
33,Feedback Listener,,18282,characters/033_feedback_listener,characters/033_feedback_listener/character_crop.png,characters/033_feedback_listener/prompt.txt,18282_33_feedback_listener.png,430a03aed513bb37e044d43aa9c288ac41ed1eff69fcdc777814332c3f6b9e58
34,Decision Helper,,18282,characters/034_decision_helper,characters/034_decision_helper/character_crop.png,characters/034_decision_helper/prompt.txt,18282_34_decision_helper.png,38b4656e805131aeb14a52bddfa7bcf0043bc18c0d60a2a401c9c0ddc1332c95
35,Flow Director,,18282,characters/035_flow_director,characters/035_flow_director/character_crop.png,characters/035_flow_director/prompt.txt,18282_35_flow_director.png,e8ed1f95d093525c56eab27708bbff610def30b529de3a55dac77b4fc3091070
36,Data Miner,Sheet 3 variant,18284,characters/036_data_miner_sheet_3_variant,characters/036_data_miner_sheet_3_variant/character_crop.png,characters/036_data_miner_sheet_3_variant/prompt.txt,18284_11_data_miner.png,d5bd04fe41fc4c8224dc6b4d41f8215bbecaf18f8afc5b7bc455f61af6a2a975
37,Pattern Seer,,18284,characters/037_pattern_seer,characters/037_pattern_seer/character_crop.png,characters/037_pattern_seer/prompt.txt,18284_12_pattern_seer.png,e443e279928eb01b697896f6fabc7f279ce8be67298e4f5f478e4ca9ed15893c
38,Translator,Sheet 3 variant,18284,characters/038_translator_sheet_3_variant,characters/038_translator_sheet_3_variant/character_crop.png,characters/038_translator_sheet_3_variant/prompt.txt,18284_13_translator.png,71ec8ada4ceac2290d49e4acc1189ee29bcaab9390833257ddcf4597d6509708
39,Optimizer,Sheet 3 variant,18284,characters/039_optimizer_sheet_3_variant,characters/039_optimizer_sheet_3_variant/character_crop.png,characters/039_optimizer_sheet_3_variant/prompt.txt,18284_14_optimizer.png,98e32c5c0273ef02ecc8b3f066e8f713fa0385cb82b092552c864351b868d1cf
40,Scheduler,Sheet 3 variant,18284,characters/040_scheduler_sheet_3_variant,characters/040_scheduler_sheet_3_variant/character_crop.png,characters/040_scheduler_sheet_3_variant/prompt.txt,18284_15_scheduler.png,688118b9339913a17369fbc1315d8e657fd595cdbf049eb089d7ff5aaa334ff8
41,Resource Manager,Sheet 3 variant,18284,characters/041_resource_manager_sheet_3_variant,characters/041_resource_manager_sheet_3_variant/character_crop.png,characters/041_resource_manager_sheet_3_variant/prompt.txt,18284_21_resource_manager.png,e4ec084f3651aafd3f8490b9557af7ecce971a742a3c164286b8edf40a6912e0
42,Communicator,,18284,characters/042_communicator,characters/042_communicator/character_crop.png,characters/042_communicator/prompt.txt,18284_22_communicator.png,04cbd04a38210c0a7adf57d05a4210dc84f8db0496886bccb9771683314d8ceb
43,Integrator,,18284,characters/043_integrator,characters/043_integrator/character_crop.png,characters/043_integrator/prompt.txt,18284_23_integrator.png,316d2cd0345774d644d165760a8af54b7371f85948427f99fbd91a62161fe3a2
44,Security Analyst,,18284,characters/044_security_analyst,characters/044_security_analyst/character_crop.png,characters/044_security_analyst/prompt.txt,18284_24_security_analyst.png,4733bf6ffaa6fa41f772ed72884ec9c06b68751d541b0411d00863b5fdf59ce7
45,Quality Guardian,,18284,characters/045_quality_guardian,characters/045_quality_guardian/character_crop.png,characters/045_quality_guardian/prompt.txt,18284_25_quality_guardian.png,571d5965351c030b52b3351a5d1542293da1ad33db0a0449d74f2b946810dafa
46,Documentation Specialist,,18284,characters/046_documentation_specialist,characters/046_documentation_specialist/character_crop.png,characters/046_documentation_specialist/prompt.txt,18284_31_documentation_specialist.png,966b0559ce323ccffdde151d015e5cf2cf878d82363d33c1214a6786567408ac
47,Test Explorer,,18284,characters/047_test_explorer,characters/047_test_explorer/character_crop.png,characters/047_test_explorer/prompt.txt,18284_32_test_explorer.png,d36d066ca0514667af2596ac34e0663e5fd27474530f97467c73f247dcf4167f
48,Deployment Pilot,,18284,characters/048_deployment_pilot,characters/048_deployment_pilot/character_crop.png,characters/048_deployment_pilot/prompt.txt,18284_33_deployment_pilot.png,3224047950c2b281d9394ead569d4608a9b293d93c4d7818bc0c965667438539
49,Monitoring Sentinel,,18284,characters/049_monitoring_sentinel,characters/049_monitoring_sentinel/character_crop.png,characters/049_monitoring_sentinel/prompt.txt,18284_34_monitoring_sentinel.png,50b3f6fc2b8e9882b06fe6acc1f6f5e43f1566b5a478c73ea4a4db5605598a30
50,Feedback Collector,,18284,characters/050_feedback_collector,characters/050_feedback_collector/character_crop.png,characters/050_feedback_collector/prompt.txt,18284_35_feedback_collector.png,e354c6a1d624e24633baa64d097ce4c453bc215d057353d2dd83d32ee4474385
51,Idea Catalyst,,18284,characters/051_idea_catalyst,characters/051_idea_catalyst/character_crop.png,characters/051_idea_catalyst/prompt.txt,18284_41_idea_catalyst.png,6a14cf6e2d3c6ee8b106b97eef782e2a02c46b01b6859ba126eb2d63bf18509f
52,Process Mapper,,18284,characters/052_process_mapper,characters/052_process_mapper/character_crop.png,characters/052_process_mapper/prompt.txt,18284_42_process_mapper.png,28f2351c4e692e1e4757257a23db9d09877e91c88924712e49961e361096d1e9
53,Strategy Scout,,18284,characters/053_strategy_scout,characters/053_strategy_scout/character_crop.png,characters/053_strategy_scout/prompt.txt,18284_43_strategy_scout.png,99be598f0c6cf0a9c0388b17bf6a2bcd014d576f49213e3f711795260186f0cc
54,System Maintainer,,18284,characters/054_system_maintainer,characters/054_system_maintainer/character_crop.png,characters/054_system_maintainer/prompt.txt,18284_44_system_maintainer.png,f5d5ff899b42ea1809c710e6ed04a4a4b75e107ffa90310827625ff87da9794b
55,Sustainability Advocate,,18284,characters/055_sustainability_advocate,characters/055_sustainability_advocate/character_crop.png,characters/055_sustainability_advocate/prompt.txt,18284_45_sustainability_advocate.png,76c14c5ca049e7ede2e1056af87fde7d27d8a7b235720ea91723661b5cf9d991
56,Systems Analyst,,18283,characters/056_systems_analyst,characters/056_systems_analyst/character_crop.png,characters/056_systems_analyst/prompt.txt,18283_11_systems_analyst.png,69d4de5fc5698434cfd083efa8bb3f456841f6c6dd9b5d94aced9fa1a91fad66
57,Database Administrator,,18283,characters/057_database_administrator,characters/057_database_administrator/character_crop.png,characters/057_database_administrator/prompt.txt,18283_12_database_administrator.png,7d7eeda9cc40f7caf3a8ed9052e75ddba1ac63a0211fce52c3513f7f2ea3a645
58,Network Engineer,,18283,characters/058_network_engineer,characters/058_network_engineer/character_crop.png,characters/058_network_engineer/prompt.txt,18283_13_network_engineer.png,4ac010a5521c2803f771ce3bcf660655d1721abdabfb76f6339e40e7e1f2a6e0
59,Site Reliability Engineer,,18283,characters/059_site_reliability_engineer,characters/059_site_reliability_engineer/character_crop.png,characters/059_site_reliability_engineer/prompt.txt,18283_14_site_reliability_engineer.png,64bf19ed0eb49d48946b6406af06f04413c4b7158ecf65ea8c2174c849236b6b
60,Build Engineer,,18283,characters/060_build_engineer,characters/060_build_engineer/character_crop.png,characters/060_build_engineer/prompt.txt,18283_15_build_engineer.png,751fe000f80c13edc2fbaac32d2381313fd57a25f1302e1fb18d41ec55cba076
61,Test Automation Engineer,,18283,characters/061_test_automation_engineer,characters/061_test_automation_engineer/character_crop.png,characters/061_test_automation_engineer/prompt.txt,18283_21_test_automation_engineer.png,4cad131f46b9a40a93359c98bf759e7283d24c18ce8ca802999ff123e7b6b6ad
62,Threat Modeler,,18283,characters/062_threat_modeler,characters/062_threat_modeler/character_crop.png,characters/062_threat_modeler/prompt.txt,18283_22_threat_modeler.png,b7850f20ca6d7c3a4f90deb1ef1a2c0213401fde072234f7beac3356adf41632
63,Compliance Officer,,18283,characters/063_compliance_officer,characters/063_compliance_officer/character_crop.png,characters/063_compliance_officer/prompt.txt,18283_23_compliance_officer.png,2d995f98ee75d3a7cf217a56154d41017914b8cdef7f2332c585b40294d01403
64,Migration Engineer,,18283,characters/064_migration_engineer,characters/064_migration_engineer/character_crop.png,characters/064_migration_engineer/prompt.txt,18283_24_migration_engineer.png,d9bbf39b64d5a75914fd15aa6057ae95014cf20bbadd8b9885523b30ae573f03
65,Observability Engineer,,18283,characters/065_observability_engineer,characters/065_observability_engineer/character_crop.png,characters/065_observability_engineer/prompt.txt,18283_25_observability_engineer.png,e15eb296746a98a8f1379b6a53074eb8201d4f548f9feb77c2cd09b3aa3f6ac4
66,Business Analyst,,18283,characters/066_business_analyst,characters/066_business_analyst/character_crop.png,characters/066_business_analyst/prompt.txt,18283_31_business_analyst.png,6e3d1974a79e06c1270ea995dac98314f86daaf09f2e2fbccb2bbae54e798039
67,Content Strategist,,18283,characters/067_content_strategist,characters/067_content_strategist/character_crop.png,characters/067_content_strategist/prompt.txt,18283_32_content_strategist.png,cbb4b756dad9805f8cab186adea1d4d9b6cf899b3b8566d4086cbcfbf3e650f5
68,Support Agent,,18283,characters/068_support_agent,characters/068_support_agent/character_crop.png,characters/068_support_agent/prompt.txt,18283_33_support_agent.png,5f01679e18d7c5e1034f518af22323452eb5893fe93ca5f1b02d4e67de78d1c4
69,Data Scientist,,18283,characters/069_data_scientist,characters/069_data_scientist/character_crop.png,characters/069_data_scientist/prompt.txt,18283_34_data_scientist.png,64000005d766ca69f80eb5f13d864938c7a0119229ea6f2eb7e200b899acfcd8
70,ML Engineer,,18283,characters/070_ml_engineer,characters/070_ml_engineer/character_crop.png,characters/070_ml_engineer/prompt.txt,18283_35_ml_engineer.png,415c0b325dd4dcbf01189ee977565668af7096c20421f1cbf794a75f332c4ad4
